"Colaborador","Frecuencia"
"Montoya, Roberto",29
"Montoya, Gabriel",28
"Aliatar, Alí-Ben",25
"Montoya, José",24
"Álvarez R., Lisandro",22
"Rauzán, Hugo de",19
"Mejía Álvarez, Sixto",16
"B. Isaza",15
"Velillo, José",14
"Guerra, Martín",12
"Jarque, Aurora L. de",12
"Posada Arango, E.",12
"Ruíz, Dael",12
"Arango Jaramillo, Adelfa",11
"Coradine, Alberto",11
"López Restrepo, María",10
"Mejía Mejía, Francisco",10
"Vélez, Gabriel",10
"Gómez, Carlos E.",9
"Osorio, Luis F.",9
"Álvarez, Antonio",8
"Puerta G., Bernardo",8
"Robledo, Arturo",8
"Ceballos Uribe, Bernardo",7
"Euse Sánchez, Arturo",7
"Fischer, Léopold de",7
"Gómez, Jacobo",7
"Nick-Chano",7
"Skowronsky, Martín",7
"Zapata, Pedrito",7
"Agudelo, Gregorio",6
"Aparicio, Alberto",6
"Gómez, Jacobo V.",6
"Jaramillo, Arturo",6
"Jaramillo, Guillermo",6
"Micromegas",6
"Plá, José",6
"Posada Echeverri, Jesús",6
"Suárez Murillo, Carlos",6
"Susana",6
"Torres Pinzón, Carlos A.",6
"Vives, Luis",6
"Arango Echeverri, Alcides",5
"Dávila, Alfonso",5
"Fernández Morales, Juanita",5
"Gervais, Paul",5
"Jaramillo, Adán",5
"Luis de Axum",5
"Posada Hernández, Antonio",5
"Restrepo, Lucio A.",5
"Toro S., Magola",5
"Yepes, Joaquín E.",5
"Atehortua, Abelardo",4
"Bel, León",4
"Botero de Molina, Tila",4
"Botero Isaza, Horacio",4
"Cervera, Manuel S.",4
"Clara María",4
"Corrales, Nora",4
"Escobar, Camilo Arturo",4
"Ferrer, Jesús",4
"Flórez, Nicolás",4
"Gaitán O., Gustavo",4
"Gómez, Angélica",4
"Goovaerts, Agustín",4
"Londoño, Pedro P.",4
"Márquez Liévano, Ernestina",4
"Martínez, Bernardo V.",4
"Monseñor Tranquilo",4
"Montoya A., Justo",4
"Moreno de los Ríos, Martín",4
"Ortega, Alfredo",4
"Pascaña, Jerónimo",4
"Pérez Amaya, Carlos",4
"Pérez, Rafael",4
"Rémy, François",4
"Renales, Paco",4
"Restrepo Piedrahíta, J.",4
"Rito, P.",4
"Sánchez V., Cruz",4
"Santa María Vermersch, Ricardo",4
"Shulman, Pola",4
"Támara, Adolfo",4
"Tobón, Lázaro",4
"Uribe, Tarquino",4
"Verb Sap",4
"Vergara Barros, Francisco",4
"Yo",4
"A. H.",3
"Aguirre, Carlos Arturo",3
"Arango R., José Manuel",3
"Blanco, Ignacio",3
"Botero, Abel",3
"Botero, Rafael",3
"Canizales, José David",3
"Carvajal, Mario",3
"Castellón, José",3
"Catón, Pio",3
"Contreras Daza, Elvira",3
"Correa, Fidel",3
"Correa, Luis F.",3
"Creus, E. S.",3
"Doctor Stockmann",3
"Duque, Hernando",3
"Duque, Vicente",3
"Escobar Rojas, Alfredo",3
"Escobar, Samuel",3
"Fervier, Luis",3
"G. P. T.",3
"Gómez R., José J.",3
"González G., D.",3
"Gutiérrez Samper, M.",3
"Hernández Mesa, Mauro",3
"Jaramillo González, Guillermo",3
"Jaramillo, Manuel José",3
"Latorre, Francisco A.",3
"Londoño Villegas, Roberto",3
"López Penha, Abraham Zacarías",3
"Luz Stella",3
"Martel, Edmundo",3
"Mejía, Luis Emiro",3
"Melguizo, Carlos",3
"Mellado, Carlos",3
"Mendoza, Mario",3
"Molina, Carlos I.",3
"Münchhausen, Börries von",3
"Nannetti, Leonilde",3
"Narváez, Antonio de",3
"Negueri, D.",3
"Obregón, Carlos",3
"Peral, Alfonso",3
"Quevedo de Cock, Lorenza",3
"Restrepo, Paulo Emilio",3
"Reyes, R.",3
"Ribón Castellanos, Cristóbal",3
"Romero A., Ángel María",3
"Rosas B., Agustín",3
"Samper, Emilio",3
"Sánchez Euse, Gustavo",3
"Sierra Carranza, José",3
"Suárez Murillo, Alberto",3
"Thomas, R.",3
"Toro, Luis A.",3
"Valencia Villegas, V.",3
"Valencia, Lucía",3
"Velásquez Mejía, Eliseo",3
"Vélez E., Santiago",3
"Vélez, Salvador",3
"Vidal, Enrique",3
"Zarante Rhenals, Sergio",3
"Zuleta, Luis de",3
"Zuluaga, Mariano",3
"Abella de Nouvrac, Louis",2
"Albalat, Antoine",2
"Alexis Rostand, Edmond Eugène",2
"Arbós y Góngora",2
"Azurdia, José",2
"Barrientos Conto, A.",2
"Baty, Th",2
"Bravo Márquez, Ricardo",2
"C.",2
"Cano, Albán",2
"Carrión, Luis",2
"Caruso, Enrico",2
"Cognetti, Leonardo M.",2
"Colombia, Congreso de",2
"Contreras Daza, Antonio J.",2
"Cromer, Lord",2
"Cruz, Efraím de la",2
"Don Tancredo",2
"Echeverría, Marcelino",2
"Esguerra, Manuel",2
"Espartaco",2
"Esse-Hernández, Alfonso",2
"Euse Sanchez, Arturo",2
"Facio Lince, José María",2
"Flores Bermúdez, R.",2
"Forero, Guillermo",2
"Gamoneda, Erasmo",2
"Garcés, Leopoldo",2
"Gartner, Fabio",2
"Gaspar de la Noche",2
"Gómez E., Bernardo",2
"Gómez Naranjo, Abelardo",2
"Gómez, Adolfo León",2
"González G., Ángela",2
"González Gómez, José María",2
"González Posada, Adolfo",2
"Graa, Gertrud",2
"Harding, Earl",2
"Haro, Eduardo",2
"Heaford, William",2
"Henderson, James",2
"Hephel",2
"Holden, Norman",2
"Isaza",2
"Jaramillo G., Hernando",2
"Jaramillo M., J. Arturo",2
"Jaramillo Madariaga, G.",2
"Jerar, Edmundo",2
"Jérez, Armando",2
"Jiménez Jaramillo, J.",2
"Jiménez T., Rafael",2
"Jorge",2
"Jota y Efe",2
"Kranile, Izé",2
"Ladrón de Guevara, Teodoro",2
"Le Temps",2
"León, Ricardo",2
"Lévine, V.",2
"Lleras A., Alfredo",2
"Londoño, Ismina",2
"Machado, Lia",2
"Martínez Delgado, Luis",2
"Martínez, Blanca",2
"Marxino, Ricardo",2
"Matta, Esther",2
"Meabe, Tomás",2
"Mejía, Gabriel",2
"Merino, Ramiro",2
"Mesa Ledesma, Alberto",2
"Millican, Albert",2
"Montoya Kennedy, F. A.",2
"Montoya, Hernán",2
"Mora, Mimí de",2
"Morales, Pedro G.",2
"Moreno R., Gustavo",2
"Multatuli (Dekker, Eduard Douwes)",2
"Múnera, José U.",2
"Muñoz Cano, J.",2
"Muñoz S., Isaías",2
"Murillo, Emilio",2
"Nauts, Carlos",2
"Nouvrac, L. Abella de",2
"Ossorio, Miguel",2
"Pardo y Vergara, José",2
"París, Gonzalo",2
"Pasos, Isidoro",2
"Peláez, Aureliano",2
"Pérez Monosalva, Santiago",2
"Pérez, Gregorio",2
"Pierre Rolland, Maurice",2
"Pineda, Luis Felipe",2
"Pizano, Roberto",2
"Ramírez G., Enrique",2
"Restrepo, Santiago",2
"Revilla, Esaú",2
"Rodríguez O., Eugenio",2
"Rodríguez, Carlos E.",2
"Romero, J. Rubén",2
"Rosales, Carlos N.",2
"Salamanca, Alfonso",2
"Salazar G., Esther",2
"Sánchez, Francisco",2
"Santos, Eduardo",2
"Soto, Aquilino",2
"Toro Idárraga, Bernardo",2
"Tranquilo, Javier",2
"Uribe, Francisco Antonio",2
"Vaca, Vicente",2
"Valenzuela Moreno, Antonio",2
"Vallejo, Joaquín",2
"Vélez, Fernando",2
"Vélez, Marceliano",2
"Villa, Ángela",2
"von Maiz, Paul",2
"White, Gabriela",2
"Zaavedra Zárate, César",2
"Zuluaga y G., Roberto",2
"A.",1
"A. G.",1
"A. Z.",1
"Acab Ibisabizurri, Miguel",1
"Acevedo, Graciliano",1
"Adiante, Tomás",1
"Agudelo Mejía, Rosa",1
"Agudelo, Rafael",1
"Aimayaga, Juan de",1
"Alba, E.",1
"Álvarez C., Manuel J.",1
"Álvarez, Bernardo",1
"Alzate B., Delio",1
"Americus",1
"Ancizar, Roberto",1
"Ángel, Juan E.",1
"Antoine",1
"Anzízar, Roberto",1
"Aponte, E.",1
"Arango Lalinde, Rafael",1
"Arango Ochoa, Eduardo",1
"Arango, Jorge Luis",1
"Arango, Olga",1
"Archer, William",1
"Arcila, Anibal",1
"Argimiero Peña, Manuel",1
"Armas, Rafael de",1
"Ateneo de Buenos Aires",1
"Attías, Maximiliano",1
"Aurora",1
"Avalos Torrens, Pedro",1
"Axum, Luis de",1
"Barco, Jesús María",1
"Barón de Franzenstein",1
"Barrau, Théophile",1
"Barriga Paez, J.",1
"Barriga S., R. Alberto",1
"Bárros, José A.",1
"Bataille, Henry",1
"Batzojaun",1
"Beceridge, Hugh",1
"Becerra C., Amanda",1
"Bedout, C. de",1
"Bellom, Maurice M.",1
"Berger, Eric",1
"Bermejo, Luis",1
"Bernad, Julio",1
"Betancourt T., Olga",1
"Betancur Arango, Carlos",1
"Biroteau, César",1
"Bizancio, Luis de",1
"Blanco Múzquiz, Miguel",1
"Blanmoco Beletón, M. R.",1
"Boëx, Joseph-Henry-Honoré",1
"Boëx, Séraphin-Justin-François",1
"Bonilla, Gustavo",1
"Bonis, J. M.",1
"Borda Tanco, Augusto",1
"Bossa Navarro, Simón",1
"Botero I., Darío",1
"Botero Jiménez, Alberto",1
"Botero M., David",1
"Botero, David",1
"Bouet, Carlos",1
"Bouhours, FL",1
"Bouret, Alonso",1
"Bracamonte, Ginés de",1
"Bravo Nicholls, Rita",1
"Bravo, Amadeo",1
"Bravo, Juan de Dios",1
"Breen, M.",1
"Briceño, Magota",1
"Brooks, Adam",1
"Bunker, George C.",1
"Burgos Vega, Carlos",1
"Burgos, Rafael",1
"Burton, Francis",1
"Bustamante, Francisco de",1
"C. G. A.",1
"C. M.",1
"C. R. M de I.",1
"Caballero, Lucas",1
"Cabo, Ignacio",1
"Calderón, Tomás",1
"Calle, Miguel María",1
"Camacho, Martín",1
"Campillo M., Ricardo",1
"Campo, Álvaro del",1
"Campo, Carlos del",1
"Campo, Diego Martín del",1
"Campuzano S., F. Luis",1
"Canals y Vilaró, Salvador ",1
"Cano Isaza, F.",1
"Capus, Rafael",1
"Cárdenas de Molina, Ana",1
"Cárdenas Roa, María",1
"Cardenas, Bernardino",1
"Carrión, J. R.",1
"Castañeda, Manuelito",1
"Castañeda, Tobías",1
"Castello, Manuel",1
"Castillo, Gustavo del",1
"Castoldi, María",1
"Catarineu, Ricardo José",1
"Cervantes, Próspero",1
"Chalarca, Antoño",1
"Chantal, Susana",1
"Chavarriaga R., Emiro A.",1
"Chaves, Francisco",1
"Chaves, J.R.",1
"Chávez Franco, Ignacio",1
"Chejov, Anton Pavlovich",1
"Cifuentes R., Manuel",1
"Clavijo Durán, Antonio",1
"Cobos, N.",1
"Cobos, Tristán",1
"Collante de Tapia, Lola",1
"Colombiano",1
"Condal, Gustavo",1
"Consuegra, Manuel S.",1
"Conte, Juan B.",1
"Contreras Daza, Antonio",1
"Coromina, Antonio",1
"Corral, Luis del",1
"Corral, M. Antonio del",1
"Correa J., Bernardo",1
"Correa V., Eduardo",1
"Correa, Domingo",1
"Cortadillo",1
"Cortés R., Jorge",1
"Covarrubias, M.",1
"Covarrubias, Manuel",1
"Creta, Ruy de",1
"Crooy, Amédée",1
"Cruz, Jorge E.",1
"Cruz, Mario de la",1
"Cuartas V., Aníbal",1
"Cuéllar Durán, Zoilo",1
"Cuesta B., Víctor de la",1
"D'Orleans, Luis",1
"D’Sola, Juan",1
"Dahlgren, E.N.",1
"Dearmer, Geofrey",1
"Delgado, Julio E.",1
"Deschanel, Paul Eugène Louis",1
"Díaz de Escobar, Narciso",1
"Díaz, Gerardo",1
"Díaz, Ruy",1
"Dickinson, Goldsworthy Lowes",1
"Díez Canedo, Manuel",1
"Díez Ll., Berta",1
"Diuribía, Marcel",1
"Donado, Rafael Ángel",1
"Doria, Dora",1
"Dorn y de Alsúa, Enrique",1
"Dumas, Joël",1
"Duque, C.",1
"Dvaipayana, Rechi-krishma",1
"Dymón",1
"E. X.",1
"E.R.",1
"E.V.",1
"Echegorri, P.",1
"EDOS",1
"Efe y Jota",1
"El suscrito",1
"Eraña, Silverio",1
"Escallón M., Carlos",1
"Escobar G., Arturo",1
"Escobar, Felipe S.",1
"Escobar, Francisco",1
"Escobar, Lázaro",1
"Espino, Miguel Ángel",1
"Espinosa, Roberto",1
"Ever",1
"Ewers, Hanns Heinz",1
"F.R., San Pedro",1
"Fabio",1
"Fanny",1
"Fernández, Luis",1
"Fernández, Rafael César",1
"Ferrer L., Eduardo",1
"Filisteo",1
"Fitzmaurice-Kelly, James",1
"Flórez Fernandez, Paz",1
"Folleett Jameson, Helen",1
"Forge, E. de",1
"Fouan-Dabeaux, Robert",1
"Francisco Bruno",1
"Francisco, Ricardo de",1
"Franco, Enrique",1
"Fry, Edward",1
"Fuentes, Ángel",1
"Fuentes, Eduardo",1
"Fx. B.",1
"G.",1
"G. A.",1
"G. de. B.",1
"G. E. C.",1
"G. M. S.",1
"Galán, Julio",1
"Galindo, Beatriz",1
"Galindo, Marco Aurelio",1
"García Morales, Pedro",1
"García Zamudio, Nicolás",1
"García, Evaristo",1
"García, Juan Manuel",1
"García, Octavio",1
"Gil, P.P.",1
"Gomez",1
"Gómez H., Berta",1
"Gómez Rodeles, Cecilio",1
"Gómez, Bernardo",1
"Gómez, Bernardo E.",1
"Gómez, Enrique",1
"Gómez, Isabel",1
"Gómez, Jaime Alfredo",1
"Gómez, Javier Alfonso",1
"Gómez, Lucas",1
"Gómez, Obdulio",1
"Gómez, Plinio",1
"González Blanco, Pedro",1
"González Borrero, Manuel",1
"González Gómez, José Ignacio",1
"González González, Margarita",1
"González Martínez, Manuel",1
"González Tapia, Julieta",1
"González Torres, A.",1
"González, José Ignacio",1
"González, Juan José",1
"Goya, Antonio",1
"Gramont, Luciano",1
"Grégory, Pedro N.",1
"Greiffenstein A., Luz",1
"Greiffenstein, Ricardo",1
"Gremil, Manuel",1
"Grün, A.",1
"Guaraya y Lezema, Antonio",1
"Guardia, Ernesto de la",1
"Gumucio, Adulfo de",1
"Gunnar Hede",1
"Gustave, J.",1
"Gutiérrez B., Germán",1
"Gutierrez J., Guillermo",1
"Gutiérrez, Vicente",1
"Guzmán, Julio Alfredo de",1
"Hagopian, Yervant",1
"Harinas, Juancho",1
"Heredia, José-Maria",1
"Herman, B. A.",1
"Hernández O., Blas",1
"Hernández, Manuel A.",1
"Herrán, Francisco J.",1
"Herrán, Pablo Emilio",1
"Herrera, Adán",1
"Herrera, Flavio",1
"Hibbard Kemp, Harry",1
"Holguín de Lavalle, Jorge",1
"Hoyos, Eduardo A.",1
"Hoz, J. D. de la",1
"Huertos, Luis G.",1
"Hughes, Spencer Leight",1
"Hume, David",1
"Hume, Ethel Douglas",1
"Ibarra S., Sergio",1
"Iglesias de la Casa, Julio",1
"Isaacs, Lisímaco",1
"Isama",1
"Isaza Botero, Carlos",1
"Isaza Moreno, Alfonso",1
"Isaza Moreno, Juan",1
"J.",1
"J. C. G.",1
"J. I. R.",1
"J. R. O.",1
"J.A.Z.",1
"Jaramillo Ángel, Ana",1
"Jaramillo Arango, R.",1
"Jaramillo J., Pascual",1
"Jaramillo M., Luis E.",1
"Jaramillo T., Rafael",1
"Jaramillo, Carlos A.",1
"Jaramillo, Enrique",1
"Jaramillo, Roberto",1
"Jardiel, Mario",1
"Jiménez, Marco T.",1
"Joufrez, Lila de",1
"Juárez García, Benito Pablo",1
"Kant, Immanuel",1
"Karez I Roshan",1
"Karr, Carmen",1
"Kay, John Wesley de",1
"Kerr, Aida",1
"L. E.",1
"L. F. P.",1
"L. M.",1
"L. R.",1
"La Fontaine, Henri-Marie",1
"Lailut, Mara",1
"Langlois, Gabriel",1
"Larreta, José de",1
"Latino",1
"Latorre, Luis M.",1
"Latorre, R. M. de",1
"Le Blond, M.",1
"Le Bon, Gustave",1
"Lébre",1
"Lebret",1
"Leiva, Nicolás",1
"León, J. Eusebio",1
"León, Lino M. de",1
"Lewandowski, C.",1
"Leyva Pereira, Lisandro",1
"Linares, Antonio G. de",1
"Line, Mary",1
"Lino Sutil",1
"Lis Albo",1
"Lizardo, Pedro",1
"LL. RR",1
"Llano Uribe, Manuel",1
"Lleras, Enrique",1
"Loebel, Rosa Elena",1
"Lofey, Carlos",1
"Loiseau, G.",1
"Loncel, Jorge",1
"Londoño C., Ausberta",1
"Londoño Villegas, A.",1
"Londoño, Asennett",1
"Londoño, J. B.",1
"Longo",1
"Lopera Berrío, Emilia",1
"López C., Ricardo",1
"López Iriarte, E.",1
"López, Alejandro",1
"López, Samuel",1
"Lorenzana Uribe, Fernán",1
"Lorenzana, Máximo",1
"Lorrain, Jean",1
"Louis, Thomas",1
"Lozano, Alberto",1
"Lugo, Silvio",1
"Luneta, José",1
"Lyly, Jhon",1
"M. J. R.",1
"M.S.",1
"M.V.L",1
"M.V.O",1
"Macdonald, R. George",1
"Machado, Mariana",1
"Macia, Carlos",1
"Madaline, Juan",1
"Madrid, Gerardo",1
"Maeterlinck, A.",1
"Majocch, María P.",1
"Malagrida, Luis de",1
"Mallarino, Julio D.",1
"Mancio, A.",1
"Manrique, Juan E.",1
"Mar, Leonte del",1
"Mariela",1
"Márquez, Tomás",1
"Marry, Julio",1
"Martel, L.",1
"Martín, José",1
"Martínez E., Luis",1
"Martínez Santamaría, Jorge",1
"Martínez Silva, Luis",1
"Martínez, Antonio R.",1
"Martínez, Juan Cristóbal",1
"Martínez, Lola P.",1
"Martínez, Miguel",1
"Marulanda, J. M.",1
"Massé, Pierre Benjamín Daniel",1
"Masterman, C. F. G.",1
"Mateus. Jorge",1
"Maya, Juan F.",1
"Maya, Luz",1
"Maynial, Eduard",1
"Medellín, Miguel",1
"Medina Alfonzo, Arturo",1
"Mejía B., Manuel",1
"Mejía T., J. M.",1
"Mejía Uribe, Graciela",1
"Mejía V., Sebastián",1
"Mejía, Cecilia V.",1
"Méndez, Juan de Dios",1
"Menéndez, José Luis",1
"Mercier, Card",1
"Michaud d'Hamiac, Léon",1
"Mira, José León",1
"Mirón, N.",1
"Molina M., José Luis",1
"Molina, Ana C. de",1
"Mondragón Guerrero, Antonio",1
"Monte, D. L.",1
"Montiel, A.S. de",1
"Montoya D., Epifanio",1
"Montoya, Hernando",1
"Montoya, Mariano",1
"Moore, Thomas",1
"Mora, Félix",1
"Morales, Antonio",1
"Moreno J., Miguel",1
"Moreno Vásquez, Ana",1
"Moreno, Guillermo",1
"Moussy, Martín de",1
"Múnera, Alejandro",1
"Munroo, Alick",1
"Muñoz Arrieta, D.",1
"Muñoz Escamez, José",1
"Muñoz Feijoó, Antonio",1
"Muñoz Londoño, Roberto",1
"Murena, Claudio",1
"Murillo, Ernestro",1
"Mutis, A.",1
"N. C",1
"Nanfa, Crisógono de",1
"Naranjo E., Luis E.",1
"Naranjo V., Luis Carlos",1
"Navas, José Alejandro",1
"Nieto de Cano, Paulina",1
"Norman, Juan",1
"Not",1
"Novicow, F.",1
"Núñez, Carlos",1
"Nuñez, José M.,",1
"Obregón B., P. E.",1
"Obregón, J.",1
"Obregón, Marcos de",1
"Ochoa Gutiérrez, L.E.",1
"Olavarría, Claudio",1
"Olivier, Jorge",1
"Olney, Richard",1
"Omar, Fran",1
"Ombre, K",1
"Onorato, Desiderio",1
"Orleans, Carlos de",1
"Orozco, Luis",1
"Ortega, Alfredo Tomás",1
"Ortiz de Pinedo, J.",1
"Ortiz G., L. Bernardo",1
"Ortiz V., Manuel",1
"Ortiz, Daniel",1
"Ortiz, Nicolás",1
"Ortiz, Rafael",1
"Ospina M., Enoe",1
"Ospina, Roberto",1
"Otero d'Costa, Enrique",1
"Otero, Luis Alfredo",1
"P. A.",1
"Pacón, P.",1
"Palacio Uribe, Benjamín",1
"Palacio Uribe, Tomás",1
"Palacios, P.",1
"Paláu R., Antonio M.",1
"Pardo, León",1
"Parodi, B.",1
"Parra, Helena",1
"Pascoli, Giovanni",1
"Pascualli, Juan Federico",1
"Pastor Ríos, Justo",1
"Patrik, John",1
"Pauline",1
"Peláez, Anatolio",1
"Peláez, Fidel",1
"Peña, Carlos I.",1
"Peralta",1
"Percebete, Gumersindo",1
"Pereira, Guillermo",1
"Pérez Balboa, Valentín",1
"Pérez C., Darío",1
"Pérez R., Rafael",1
"Pérez, A. J.",1
"Pérez, Antonio",1
"Pérez, Pascual",1
"Pertuz, Faraón",1
"Phayre, Ignatius",1
"Pichardo S., Manuel",1
"Pillo, C.",1
"Pineda López, Jorge",1
"Pineda, Fabiola",1
"Pineda, J. J.",1
"Pineda, Luis F.",1
"Pinillos, Pedro Pablo",1
"Pinochet Le-Brun, Tancredo",1
"Pinto, Eliseo",1
"Pinxit, Ch. Gill",1
"Pinzón, Ricardo V.",1
"Pizano, Marco A.",1
"Pollock, Frederick",1
"Pondal, Mario",1
"Posada, Inés",1
"Posada, Jesús",1
"Powell, Alexander",1
"Prevost, Marcel",1
"Puaux, René",1
"Pulido, Augusto F.",1
"Quijano Torres, Gustavo",1
"Quijano Wallis, J. M.",1
"Quintero Zapata, Juan",1
"Quiroga, Horacio",1
"Rada, Alberto de la",1
"Ramírez, Gordón",1
"Ramírez, Gorgón",1
"Ramiro",1
"Ramos Ruiz, Gonzalo",1
"Rayo Mágico de Fe",1
"Reinach, Joseph",1
"Remouchamps, Victor",1
"Restrepo A., Esther",1
"Restrepo Briceño, Fernando",1
"Restrepo Uribe, José",1
"Restrepo Uribe, Pedro",1
"Restrepo, Antonio María",1
"Restrepo, Camilo C.",1
"Restrepo, Catalina",1
"Restrepo, J. L.",1
"Restrepo, Lola",1
"Restrepo, M.",1
"Review of Revieus",1
"Rey, Gloria",1
"Reyes Católicos",1
"Reyes Ochoa, Alfonso",1
"Reynolds, Rothay",1
"Ribera",1
"Riche, Iván",1
"Río, Clara del",1
"Riva de Sella, Leopoldo",1
"Rivero, Gonzalo",1
"Robledo A., Jorge",1
"Robledo Villa, Alonso",1
"Robledo, Alfonso",1
"Robledo, Jaime",1
"Robles, Alfonso",1
"Roca, M.",1
"Rodríguez Castro, Arturo",1
"Rodríguez G., Sixto",1
"Rodríguez L., Enrique",1
"Rodríguez Mira, L.",1
"Rodríguez P., José",1
"Rodríguez Pérez, Tomás",1
"Rodríguez Rendueles, Manuel",1
"Rodríguez, Alfonso",1
"Rodríguez, Alfredo J.",1
"Rodríguez, Horacio",1
"Rodríguez, Jorge",1
"Rodríguez, Martín",1
"Rojas, Julio A.",1
"Rojo-Arial, Ignacio",1
"Romero P., Carlos",1
"Romero, Manuel Antonio",1
"Romero, Manuel de J.",1
"Root, Elihu",1
"Roscio, Juan G.",1
"Ross, Ronald",1
"Rossel, Juan Carlos",1
"Rosseti, Dante Gabriel",1
"Rossi Aguiar, Juan C.",1
"Rowe, L. S.",1
"RR.LL",1
"Rubió y Lluch, Antonio",1
"Russel Hart, Francis",1
"S.",1
"Sabogal, Mario",1
"Saboya, Adelfa",1
"Saenz, Alberto",1
"Saíz, José María",1
"Salazar Álvarez, José María",1
"Salazar H. Jerónimo",1
"Salazar, Juan de",1
"Saldarriaga, Antonio",1
"Salduba",1
"Sanchéz de Iriarte, Alberto",1
"Sánchez, Libia",1
"Sánchez, Livia",1
"Sanín Villa, G.",1
"Sant Pinxit",1
"Santamaría, Nepomuceno",1
"Santamaría, Teresita",1
"Schuler, Ricardo",1
"Schwob, L.",1
"Scott",1
"Segovia, L.",1
"Sepulveda, Antonio M.",1
"Serna R., Eleuterio",1
"Silva, Clímaco",1
"Solis Moncada, Jose",1
"Soto Hall, Máximo",1
"Spenser, Edmund",1
"Struss, A.V.",1
"Sulia",1
"Tamayo, Carlos",1
"Tavera C., Rafael",1
"Terán, Luis María",1
"Tobar, Alfonso",1
"Tobón Olarte, Valerio",1
"Tobón Uribe, L.",1
"Toro, Antonio J.",1
"Toro, Julio",1
"Toro, Rita de",1
"Torres Palau, Lucía",1
"Torres, Carlos",1
"Un Sud Americano",1
"Uribe Álvarez, Eduardo",1
"Uribe Uribe, Amalia",1
"Uribe V., Alberto",1
"Uribe, A.",1
"Uribe, Amelia",1
"Uribe, Gustavo",1
"Uribe, Martín",1
"Urruchurtu y Lemus, Miguel",1
"V. de Trujillo, Rosa E.",1
"Valdemar, Rubina",1
"Valenzuela, Sergio A.",1
"Valenzuela, Teodoro",1
"Valladarez Márquez, Jorge",1
"Valle, Adolfo de",1
"Valle, Arturo del",1
"Vallejo G., Aurora",1
"Vallés, L.",1
"Vargas, Aurelia",1
"Vargas, Justo",1
"Vargas, León",1
"Vargas, Maruja",1
"Vásquez Arrubla, Miguel Ángel",1
"Vega Escobar, H.",1
"Velásquez Pineda, José",1
"Velázquez, Alejandro",1
"Vélez S., Gabriela",1
"Vélez, Bernardo",1
"Vélez, J. Emilio",1
"Vergel, Leopoldo",1
"Vial, Hugo",1
"Vidal C., Roberto",1
"Vieco, Julio N.",1
"Vila y Beltrán",1
"Vilgio, Leo",1
"Villa V., Jose A.",1
"Villa, Eduardo",1
"Villalonga, Blas de",1
"Villegas, Manuel",1
"Villegas, Marco A.",1
"Villegas, Octavio",1
"Villois, André",1
"Vionnet, Marthe",1
"Vornevas, Cilia de",1
"Wolf, Pablo",1
"X. X.",1
"Y.",1
"Z y Z.",1
"Zaldívar, Ignacio de",1
"Zarrazola, Pluvio",1
"Zea U., Eduardo",1
"Zenea, Juan Clemente",1
